ts,map,duration_s,ratio_pct,every_s,interval_ticks,seed,repeat_idx,max_attacks,tiles_start,tiles_end,tiles_gained,land_tiles,land_pct,tiles_per_sec,tiles_per_tick,active_ticks,troops_start,troops_end,troops_min,waves_attempted,waves_ok,t10_ticks,t25_ticks,t50_ticks,t75_ticks,wall_time_s,status
2026-09-27T16:47:43,australia_100x100_nt,60.0,10,0.2,2,12345,0,8,52,8012,7960,10000,0.8012,186.854,18.6854,426,42617,87028,3806,213,14,45,144,282,412,1.05,won
2026-09-27T16:47:43,australia_100x100_nt,60.0,10,0.1,1,12345,0,8,52,8022,7970,10000,0.8022,191.127,19.1127,417,42617,73752,3806,417,19,47,142,279,386,1.33,won
2026-09-27T16:47:44,australia_100x100_nt,60.0,10,0.5,5,12345,0,8,52,8004,7952,10000,0.8004,202.341,20.2341,393,42617,64837,3987,79,13,49,137,275,377,0.49,won
2026-09-27T16:47:44,australia_100x100_nt,60.0,10,1.0,10,12345,0,8,52,8042,7990,10000,0.8042,188.889,18.8889,423,42617,87172,4300,43,14,50,150,274,410,0.46,won
2026-09-27T16:47:44,australia_100x100_nt,60.0,10,2.0,20,12345,0,8,52,8028,7976,10000,0.8028,195.49,19.549,408,42617,93670,4972,21,13,47,146,282,395,0.42,won
2026-09-27T16:47:44,australia_100x100_nt,60.0,10,3.0,30,12345,0,8,52,8001,7949,10000,0.8001,181.484,18.1484,438,42617,141811,5722,15,11,50,147,316,425,0.45,won
2026-09-27T16:47:45,australia_100x100_nt,60.0,10,5.0,50,12345,0,8,52,8010,7958,10000,0.801,182.523,18.2523,436,42617,150950,7417,9,8,55,161,281,425,0.4,won
2026-09-27T16:47:45,australia_100x100_nt,60.0,20,0.2,2,12345,0,8,52,3922,3870,10000,0.3922,64.5,6.45,600,42617,19,0,300,271,25,124,,,0.83,ok
2026-09-27T16:47:45,australia_100x100_nt,60.0,20,0.1,1,12345,0,8,52,3958,3906,10000,0.3958,65.1,6.51,600,42617,18,0,600,283,26,109,,,1.02,ok
2026-09-27T16:47:46,australia_100x100_nt,60.0,20,0.5,5,12345,0,8,52,3045,2993,10000,0.3045,49.883,4.9883,600,42617,86,0,120,119,26,127,,,0.77,ok
2026-09-27T16:47:46,australia_100x100_nt,60.0,20,1.0,10,12345,0,8,52,3030,2978,10000,0.303,49.633,4.9633,600,42617,175,0,60,60,25,122,,,0.77,ok
2026-09-27T16:47:47,australia_100x100_nt,60.0,20,2.0,20,12345,0,8,52,3103,3051,10000,0.3103,50.85,5.085,600,42617,822,0,30,30,25,111,,,0.65,ok
2026-09-27T16:47:47,australia_100x100_nt,60.0,20,3.0,30,12345,0,8,52,3234,3182,10000,0.3234,53.033,5.3033,600,42617,1394,0,20,20,26,102,,,0.62,ok
2026-09-27T16:47:47,australia_100x100_nt,60.0,20,5.0,50,12345,0,8,52,4000,3948,10000,0.4,65.8,6.58,600,42617,5954,0,12,12,26,104,,,0.61,ok
2026-09-27T16:47:47,australia_100x100_nt,60.0,30,0.1,1,12345,0,8,52,3571,3519,10000,0.3571,58.65,5.865,600,42617,17,0,600,287,28,101,,,1.07,ok
2026-09-27T16:47:48,australia_100x100_nt,60.0,30,0.2,2,12345,0,8,52,3515,3463,10000,0.3515,57.717,5.7717,600,42617,24,0,300,281,28,118,,,0.84,ok
2026-09-27T16:47:48,australia_100x100_nt,60.0,30,0.5,5,12345,0,8,52,2937,2885,10000,0.2937,48.083,4.8083,600,42617,65,0,120,120,30,167,,,0.65,ok
2026-09-27T16:47:49,australia_100x100_nt,60.0,30,1.0,10,12345,0,8,52,2905,2853,10000,0.2905,47.55,4.755,600,42617,185,0,60,60,29,163,,,0.55,ok
2026-09-27T16:47:49,australia_100x100_nt,60.0,30,2.0,20,12345,0,8,52,3066,3014,10000,0.3066,50.233,5.0233,600,42617,341,0,30,30,29,142,,,0.57,ok
2026-09-27T16:47:49,australia_100x100_nt,60.0,30,3.0,30,12345,0,8,52,3216,3164,10000,0.3216,52.733,5.2733,600,42617,659,0,20,20,29,115,,,0.52,ok
2026-09-27T16:47:50,australia_100x100_nt,60.0,30,5.0,50,12345,0,8,52,3619,3567,10000,0.3619,59.45,5.945,600,42617,1665,0,12,12,29,125,,,0.52,ok
2026-09-27T16:47:50,australia_100x100_nt,60.0,40,0.1,1,12345,0,8,52,3494,3442,10000,0.3494,57.367,5.7367,600,42617,0,0,600,295,29,97,,,1.04,ok
2026-09-27T16:47:50,australia_100x100_nt,60.0,40,0.2,2,12345,0,8,52,3532,3480,10000,0.3532,58.0,5.8,600,42617,18,0,300,293,29,102,,,0.89,ok
2026-09-27T16:47:51,australia_100x100_nt,60.0,40,0.5,5,12345,0,8,52,2817,2765,10000,0.2817,46.083,4.6083,600,42617,52,0,120,120,29,167,,,0.62,ok
2026-09-27T16:47:51,australia_100x100_nt,60.0,40,1.0,10,12345,0,8,52,2912,2860,10000,0.2912,47.667,4.7667,600,42617,122,0,60,60,29,143,,,0.55,ok
2026-09-27T16:47:52,australia_100x100_nt,60.0,40,2.0,20,12345,0,8,52,3015,2963,10000,0.3015,49.383,4.9383,600,42617,341,0,30,30,29,105,,,0.52,ok
2026-09-27T16:47:52,australia_100x100_nt,60.0,40,3.0,30,12345,0,8,52,3168,3116,10000,0.3168,51.933,5.1933,600,42617,659,0,20,20,29,112,,,0.53,ok
2026-09-27T16:47:52,australia_100x100_nt,60.0,40,5.0,50,12345,0,8,52,3627,3575,10000,0.3627,59.583,5.9583,600,42617,1665,0,12,12,29,126,,,0.52,ok
2026-09-27T16:47:52,australia_100x100_nt,60.0,50,0.1,1,12345,0,8,52,3482,3430,10000,0.3482,57.167,5.7167,600,42617,10,0,600,300,32,76,,,0.98,ok
2026-09-27T16:47:53,australia_100x100_nt,60.0,50,0.2,2,12345,0,8,52,3482,3430,10000,0.3482,57.167,5.7167,600,42617,10,0,300,300,32,76,,,0.8,ok
2026-09-27T16:47:53,australia_100x100_nt,60.0,50,0.5,5,12345,0,8,52,2947,2895,10000,0.2947,48.25,4.825,600,42617,46,0,120,120,34,152,,,0.58,ok
2026-09-27T16:47:53,australia_100x100_nt,60.0,50,1.0,10,12345,0,8,52,2906,2854,10000,0.2906,47.567,4.7567,600,42617,122,0,60,60,33,154,,,0.53,ok
2026-09-27T16:47:54,australia_100x100_nt,60.0,50,2.0,20,12345,0,8,52,3002,2950,10000,0.3002,49.167,4.9167,600,42617,341,0,30,30,33,145,,,0.6,ok
2026-09-27T16:47:54,australia_100x100_nt,60.0,50,3.0,30,12345,0,8,52,3103,3051,10000,0.3103,50.85,5.085,600,42617,659,0,20,20,33,108,,,0.61,ok
2026-09-27T16:47:54,australia_100x100_nt,60.0,50,5.0,50,12345,0,8,52,3762,3710,10000,0.3762,61.833,6.1833,600,42617,1665,0,12,12,33,124,,,0.64,ok
2026-09-27T16:47:55,australia_100x100_nt,60.0,60,0.1,1,12345,0,8,52,3339,3287,10000,0.3339,54.783,5.4783,600,42617,13,0,600,300,33,83,,,1.14,ok
2026-09-27T16:47:55,australia_100x100_nt,60.0,60,0.2,2,12345,0,8,52,3339,3287,10000,0.3339,54.783,5.4783,600,42617,13,0,300,300,33,83,,,0.92,ok
2026-09-27T16:47:56,australia_100x100_nt,60.0,60,0.5,5,12345,0,8,52,2955,2903,10000,0.2955,48.383,4.8383,600,42617,46,0,120,120,33,137,,,0.69,ok
2026-09-27T16:47:56,australia_100x100_nt,60.0,60,1.0,10,12345,0,8,52,2864,2812,10000,0.2864,46.867,4.6867,600,42617,122,0,60,60,31,152,,,0.62,ok
2026-09-27T16:47:56,australia_100x100_nt,60.0,60,2.0,20,12345,0,8,52,3000,2948,10000,0.3,49.133,4.9133,600,42617,341,0,30,30,31,127,,,0.63,ok
2026-09-27T16:47:57,australia_100x100_nt,60.0,60,3.0,30,12345,0,8,52,3209,3157,10000,0.3209,52.617,5.2617,600,42617,659,0,20,20,32,111,,,0.62,ok
2026-09-27T16:47:57,australia_100x100_nt,60.0,60,5.0,50,12345,0,8,52,3376,3324,10000,0.3376,55.4,5.54,600,42617,1665,0,12,12,32,124,,,0.59,ok
2026-09-27T16:47:57,australia_100x100_nt,60.0,70,0.1,1,12345,0,8,52,3249,3197,10000,0.3249,53.283,5.3283,600,42617,10,0,600,300,33,100,,,1.08,ok
2026-09-27T16:47:58,australia_100x100_nt,60.0,70,0.2,2,12345,0,8,52,3249,3197,10000,0.3249,53.283,5.3283,600,42617,10,0,300,300,33,100,,,0.87,ok
2026-09-27T16:47:58,australia_100x100_nt,60.0,70,0.5,5,12345,0,8,52,2831,2779,10000,0.2831,46.317,4.6317,600,42617,46,0,120,120,34,187,,,0.69,ok
2026-09-27T16:47:58,australia_100x100_nt,60.0,70,1.0,10,12345,0,8,52,2845,2793,10000,0.2845,46.55,4.655,600,42617,122,0,60,60,32,174,,,0.65,ok
2026-09-27T16:47:59,australia_100x100_nt,60.0,70,2.0,20,12345,0,8,52,2979,2927,10000,0.2979,48.783,4.8783,600,42617,341,0,30,30,32,126,,,0.64,ok
2026-09-27T16:47:59,australia_100x100_nt,60.0,70,3.0,30,12345,0,8,52,3129,3077,10000,0.3129,51.283,5.1283,600,42617,659,0,20,20,32,123,,,0.61,ok
2026-09-27T16:48:00,australia_100x100_nt,60.0,70,5.0,50,12345,0,8,52,3588,3536,10000,0.3588,58.933,5.8933,600,42617,1665,0,12,12,32,130,,,0.63,ok
2026-09-27T16:48:00,australia_100x100_nt,60.0,80,0.1,1,12345,0,8,52,3237,3185,10000,0.3237,53.083,5.3083,600,42617,10,0,600,300,36,106,,,1.17,ok
2026-09-27T16:48:00,australia_100x100_nt,60.0,80,0.2,2,12345,0,8,52,3237,3185,10000,0.3237,53.083,5.3083,600,42617,10,0,300,300,36,106,,,1.01,ok
2026-09-27T16:48:01,australia_100x100_nt,60.0,80,0.5,5,12345,0,8,52,2849,2797,10000,0.2849,46.617,4.6617,600,42617,46,0,120,120,37,169,,,0.71,ok
2026-09-27T16:48:01,australia_100x100_nt,60.0,80,1.0,10,12345,0,8,52,2860,2808,10000,0.286,46.8,4.68,600,42617,122,0,60,60,33,173,,,0.63,ok
2026-09-27T16:48:02,australia_100x100_nt,60.0,80,2.0,20,12345,0,8,52,3021,2969,10000,0.3021,49.483,4.9483,600,42617,341,0,30,30,33,128,,,0.6,ok
2026-09-27T16:48:02,australia_100x100_nt,60.0,80,3.0,30,12345,0,8,52,3131,3079,10000,0.3131,51.317,5.1317,600,42617,659,0,20,20,34,129,,,0.7,ok
2026-09-27T16:48:02,australia_100x100_nt,60.0,80,5.0,50,12345,0,8,52,3298,3246,10000,0.3298,54.1,5.41,600,42617,6118,0,12,12,34,136,,,0.76,ok
2026-09-27T16:48:03,australia_100x100_nt,60.0,90,0.1,1,12345,0,8,52,3259,3207,10000,0.3259,53.45,5.345,600,42617,10,0,600,300,35,116,,,1.21,ok
2026-09-27T16:48:03,australia_100x100_nt,60.0,90,0.2,2,12345,0,8,52,3259,3207,10000,0.3259,53.45,5.345,600,42617,10,0,300,300,35,116,,,1.07,ok
2026-09-27T16:48:04,australia_100x100_nt,60.0,90,0.5,5,12345,0,8,52,2842,2790,10000,0.2842,46.5,4.65,600,42617,46,0,120,120,39,177,,,0.9,ok
2026-09-27T16:48:04,australia_100x100_nt,60.0,90,1.0,10,12345,0,8,52,2844,2792,10000,0.2844,46.533,4.6533,600,42617,122,0,60,60,37,173,,,0.74,ok
2026-09-27T16:48:05,australia_100x100_nt,60.0,90,2.0,20,12345,0,8,52,2978,2926,10000,0.2978,48.767,4.8767,600,42617,341,0,30,30,38,142,,,0.6,ok
2026-09-27T16:48:05,australia_100x100_nt,60.0,90,3.0,30,12345,0,8,52,3211,3159,10000,0.3211,52.65,5.265,600,42617,659,0,20,20,38,143,,,0.58,ok
2026-09-27T16:48:05,australia_100x100_nt,60.0,90,5.0,50,12345,0,8,52,3630,3578,10000,0.363,59.633,5.9633,600,42617,1665,0,12,12,38,128,,,0.56,ok
2026-09-27T16:48:05,australia_100x100_nt,60.0,100,0.1,1,12345,0,8,52,3233,3181,10000,0.3233,53.017,5.3017,600,42617,10,0,600,300,39,110,,,1.01,ok
2026-09-27T16:48:06,australia_100x100_nt,60.0,100,0.2,2,12345,0,8,52,3233,3181,10000,0.3233,53.017,5.3017,600,42617,10,0,300,300,39,110,,,0.92,ok
2026-09-27T16:48:06,australia_100x100_nt,60.0,100,0.5,5,12345,0,8,52,2836,2784,10000,0.2836,46.4,4.64,600,42617,46,0,120,120,39,179,,,0.7,ok
2026-09-27T16:48:07,australia_100x100_nt,60.0,100,1.0,10,12345,0,8,52,2844,2792,10000,0.2844,46.533,4.6533,600,42617,122,0,60,60,40,174,,,0.63,ok
2026-09-27T16:48:07,australia_100x100_nt,60.0,100,2.0,20,12345,0,8,52,3022,2970,10000,0.3022,49.5,4.95,600,42617,341,0,30,30,40,129,,,0.64,ok
2026-09-27T16:48:07,australia_100x100_nt,60.0,100,3.0,30,12345,0,8,52,3048,2996,10000,0.3048,49.933,4.9933,600,42617,2254,0,20,20,40,150,,,0.59,ok
2026-09-27T16:48:08,australia_100x100_nt,60.0,100,5.0,50,12345,0,8,52,3534,3482,10000,0.3534,58.033,5.8033,600,42617,1665,0,12,12,40,137,,,0.55,ok
